Time in ms;Pos hand in x;Pos hand in z;
0;0;0;
0;0;0;
0;0;0;
0.02;0;0;
0.02;0;0;
0.02;0;0;
0.04;0;0;
0.04;0;0;
0.04;0;0;
0.06;0;0;
0.06;0;0;
0.06;0;0;
0.08;0;0;
0.08;0;0;
0.08;0;0;
0.09999999;0;0;
0.09999999;0;0;
0.09999999;0;0;
0.12;0;0;
0.12;0;0;
0.12;0;0;
0.14;0;0;
0.14;0;0;
0.14;0;0;
0.16;0;0;
0.16;0;0;
0.16;0;0;
0.18;0;0;
0.18;0;0;
0.18;0;0;
0.2;0;0;
0.2;0;0;
0.2;0;0;
0.22;0;0;
0.22;0;0;
0.22;0;0;
0.24;0;0;
0.24;0;0;
0.24;0;0;
0.26;0;0;
0.26;0;0;
0.26;0;0;
0.28;0;0;
0.28;0;0;
0.28;0;0;
0.3;0;0;
0.3;0;0;
0.3;0;0;
0.32;0;0;
0.32;0;0;
0.32;0;0;
0.34;0;0;
0.34;0;0;
0.34;0;0;
0.36;0;0;
0.36;0;0;
0.36;0;0;
0.38;0;0;
0.38;0;0;
0.38;0;0;
0.4;0;0;
0.4;0;0;
0.4;0;0;
0.42;0;0;
0.42;0;0;
0.42;0;0;
0.44;0;0;
0.44;0;0;
0.44;0;0;
0.46;0;0;
0.46;0;0;
0.46;0;0;
0.48;0;0;
0.48;0;0;
0.48;0;0;
0.5;0;0;
0.5;0;0;
0.5;0;0;
0.52;0;0;
0.52;0;0;
0.52;0;0;
0.54;0;0;
0.54;0;0;
0.54;0;0;
0.56;0;0;
0.56;0;0;
0.56;0;0;
0.58;0;0;
0.58;0;0;
0.58;0;0;
0.6;145.7325;-48.69363;
0.6;145.7325;-48.69363;
0.6;145.7325;-48.69363;
0.62;136.9663;-45.79395;
0.62;136.9663;-45.79395;
0.62;136.9663;-45.79395;
0.64;136.9663;-45.79395;
0.64;136.9663;-45.79395;
0.64;136.9663;-45.79395;
0.66;125.8724;-40.49731;
0.66;125.8724;-40.49731;
0.66;125.8724;-40.49731;
0.68;114.4438;-33.57285;
0.68;114.4438;-33.57285;
0.68;114.4438;-33.57285;
0.7;103.3946;-25.97541;
0.7;103.3946;-25.97541;
0.7;103.3946;-25.97541;
0.72;92.7354;-19.08773;
0.72;92.7354;-19.08773;
0.72;92.7354;-19.08773;
0.74;76.41514;-9.083995;
0.74;76.41514;-9.083995;
0.74;76.41514;-9.083995;
0.76;68.02316;-3.904098;
0.76;68.02316;-3.904098;
0.76;68.02316;-3.904098;
0.78;55.69676;3.76485;
0.78;55.69676;3.76485;
0.78;55.69676;3.76485;
0.8;42.86127;10.82107;
0.8;42.86127;10.82107;
0.8;42.86127;10.82107;
0.82;38.18962;13.3734;
0.82;38.18962;13.3734;
0.82;38.18962;13.3734;
0.84;33.15438;16.28145;
0.84;33.15438;16.28145;
0.84;33.15438;16.28145;
0.86;26.02451;20.22557;
0.86;26.02451;20.22557;
0.86;26.02451;20.22557;
0.88;22.10014;22.25311;
0.88;22.10014;22.25311;
0.88;22.10014;22.25311;
0.9;18.89999;23.59893;
0.9;18.89999;23.59893;
0.9;18.89999;23.59893;
0.92;13.94643;24.94011;
0.92;13.94643;24.94011;
0.92;13.94643;24.94011;
0.94;11.12444;25.47103;
0.94;11.12444;25.47103;
0.94;11.12444;25.47103;
0.96;8.475902;25.93929;
0.96;8.475902;25.93929;
0.96;8.475902;25.93929;
0.98;4.313916;26.22215;
0.98;4.313916;26.22215;
0.98;4.313916;26.22215;
1;1.52066;26.17903;
1;1.52066;26.17903;
1;1.52066;26.17903;
1.02;-1.245807;26.25993;
1.02;-1.245807;26.25993;
1.02;-1.245807;26.25993;
1.04;-5.329028;26.40071;
1.04;-5.329028;26.40071;
1.04;-5.329028;26.40071;
1.06;-9.607944;26.39242;
1.06;-9.607944;26.39242;
1.06;-9.607944;26.39242;
1.08;-12.38337;26.42484;
1.08;-12.38337;26.42484;
1.08;-12.38337;26.42484;
1.1;-14.9917;26.47021;
1.1;-14.9917;26.47021;
1.1;-14.9917;26.47021;
1.12;-17.98818;26.32611;
1.12;-17.98818;26.32611;
1.12;-17.98818;26.32611;
1.14;-21.7885;26.38413;
1.14;-21.7885;26.38413;
1.14;-21.7885;26.38413;
1.16;-25.29055;26.65578;
1.16;-25.29055;26.65578;
1.16;-25.29055;26.65578;
1.18;-27.35455;26.56525;
1.18;-27.35455;26.56525;
1.18;-27.35455;26.56525;
1.2;-29.33508;26.79475;
1.2;-29.33508;26.79475;
1.2;-29.33508;26.79475;
1.22;-32.34418;27.31762;
1.22;-32.34418;27.31762;
1.22;-32.34418;27.31762;
1.24;-33.92844;27.71043;
1.24;-33.92844;27.71043;
1.24;-33.92844;27.71043;
1.26;-35.48077;27.80322;
1.26;-35.48077;27.80322;
1.26;-35.48077;27.80322;
1.28;-37.66602;27.44959;
1.28;-37.66602;27.44959;
1.28;-37.66602;27.44959;
1.3;-39.02795;27.0231;
1.3;-39.02795;27.0231;
1.3;-39.02795;27.0231;
1.32;-40.25998;27.0311;
1.32;-40.25998;27.0311;
1.32;-40.25998;27.0311;
1.34;-41.31095;27.12336;
1.34;-41.31095;27.12336;
1.34;-41.31095;27.12336;
1.36;-42.3833;26.92599;
1.36;-42.3833;26.92599;
1.36;-42.3833;26.92599;
1.38;-42.95047;26.81033;
1.38;-42.95047;26.81033;
1.38;-42.95047;26.81033;
1.4;-43.49524;26.5465;
1.4;-43.49524;26.5465;
1.4;-43.49524;26.5465;
1.42;-43.89446;26.2144;
1.42;-43.89446;26.2144;
1.42;-43.89446;26.2144;
1.44;-44.1172;25.71719;
1.44;-44.1172;25.71719;
1.44;-44.1172;25.71719;
1.46;-44.07011;25.34254;
1.46;-44.07011;25.34254;
1.46;-44.07011;25.34254;
1.48;-43.83128;25.12326;
1.48;-43.83128;25.12326;
1.48;-43.83128;25.12326;
1.5;-43.07738;24.94679;
1.5;-43.07738;24.94679;
1.5;-43.07738;24.94679;
1.52;-40.91422;24.41538;
1.52;-40.91422;24.41538;
1.52;-40.91422;24.41538;
1.54;-39.47471;23.31898;
1.54;-39.47471;23.31898;
1.54;-39.47471;23.31898;
1.56;-38.29859;22.53337;
1.56;-38.29859;22.53337;
1.56;-38.29859;22.53337;
1.58;-35.76529;20.95256;
1.58;-35.76529;20.95256;
1.58;-35.76529;20.95256;
1.6;-32.96928;19.52913;
1.6;-32.96928;19.52913;
1.6;-32.96928;19.52913;
1.62;-32.14562;19.18304;
1.62;-32.14562;19.18304;
1.62;-32.14562;19.18304;
1.64;-30.99636;18.47636;
1.64;-30.99636;18.47636;
1.64;-30.99636;18.47636;
1.66;-29.5323;17.66676;
1.66;-29.5323;17.66676;
1.66;-29.5323;17.66676;
1.68;-28.18554;16.98557;
1.68;-28.18554;16.98557;
1.68;-28.18554;16.98557;
1.7;-26.69595;16.20203;
1.7;-26.69595;16.20203;
1.7;-26.69595;16.20203;
1.72;-25.24296;15.84398;
1.72;-25.24296;15.84398;
1.72;-25.24296;15.84398;
1.74;-24.71463;15.78401;
1.74;-24.71463;15.78401;
1.74;-24.71463;15.78401;
1.76;-23.67136;15.36628;
1.76;-23.67136;15.36628;
1.76;-23.67136;15.36628;
1.78;-23.11201;15.08007;
1.78;-23.11201;15.08007;
1.78;-23.11201;15.08007;
1.8;-22.83162;15.0829;
1.8;-22.83162;15.0829;
1.8;-22.83162;15.0829;
1.82;-23.11008;14.54452;
1.82;-23.11008;14.54452;
1.82;-23.11008;14.54452;
1.84;-23.32183;14.3614;
1.84;-23.32183;14.3614;
1.84;-23.32183;14.3614;
1.86;-23.41136;14.28647;
1.86;-23.41136;14.28647;
1.86;-23.41136;14.28647;
1.88;-23.41136;14.28647;
1.88;-23.41136;14.28647;
1.88;-23.41136;14.28647;
1.9;-23.43329;14.24018;
1.9;-23.43329;14.24018;
1.9;-23.43329;14.24018;
1.92;-23.79559;14.00774;
1.92;-23.79559;14.00774;
1.92;-23.79559;14.00774;
1.94;-23.9125;13.45423;
1.94;-23.9125;13.45423;
1.94;-23.9125;13.45423;
1.96;-24.37755;12.64168;
1.96;-24.37755;12.64168;
1.96;-24.37755;12.64168;
1.98;-24.50491;12.36237;
1.98;-24.50491;12.36237;
1.98;-24.50491;12.36237;
2;-24.47236;12.09447;
2;-24.47236;12.09447;
2;-24.47236;12.09447;
2.02;-24.45608;11.35277;
2.02;-24.45608;11.35277;
2.02;-24.45608;11.35277;
2.04;-24.37062;10.92437;
2.04;-24.37062;10.92437;
2.04;-24.37062;10.92437;
2.06;-24.20879;10.47675;
2.06;-24.20879;10.47675;
2.06;-24.20879;10.47675;
2.08;-24.29056;9.704175;
2.08;-24.29056;9.704175;
2.08;-24.29056;9.704175;
2.1;-24.14762;9.200444;
2.1;-24.14762;9.200444;
2.1;-24.14762;9.200444;
2.12;-24.15681;8.965592;
2.12;-24.15681;8.965592;
2.12;-24.15681;8.965592;
2.14;-24.2133;8.652932;
2.14;-24.2133;8.652932;
2.14;-24.2133;8.652932;
2.16;-24.22333;8.314083;
2.16;-24.22333;8.314083;
2.16;-24.22333;8.314083;
2.18;-24.09758;8.030393;
2.18;-24.09758;8.030393;
2.18;-24.09758;8.030393;
2.2;-24.00467;7.870533;
2.2;-24.00467;7.870533;
2.2;-24.00467;7.870533;
2.22;-23.94446;7.698126;
2.22;-23.94446;7.698126;
2.22;-23.94446;7.698126;
2.24;-23.89495;7.481414;
2.24;-23.89495;7.481414;
2.24;-23.89495;7.481414;
2.26;-23.87183;7.410162;
2.26;-23.87183;7.410162;
2.26;-23.87183;7.410162;
2.28;-23.91623;7.387636;
2.28;-23.91623;7.387636;
2.28;-23.91623;7.387636;
2.3;-24.01222;7.397742;
2.3;-24.01222;7.397742;
2.3;-24.01222;7.397742;
2.32;-24.2624;7.610712;
2.32;-24.2624;7.610712;
2.32;-24.2624;7.610712;
2.34;-24.54434;7.882156;
2.34;-24.54434;7.882156;
2.34;-24.54434;7.882156;
2.36;-24.91794;8.405399;
2.36;-24.91794;8.405399;
2.36;-24.91794;8.405399;
2.38;-25.13317;8.713216;
2.38;-25.13317;8.713216;
2.38;-25.13317;8.713216;
2.4;-25.47717;9.520233;
2.4;-25.47717;9.520233;
2.4;-25.47717;9.520233;
2.42;-25.68528;10.34674;
2.42;-25.68528;10.34674;
2.42;-25.68528;10.34674;
2.44;-25.82979;10.83646;
2.44;-25.82979;10.83646;
2.44;-25.82979;10.83646;
2.46;-26.12519;11.45949;
2.46;-26.12519;11.45949;
2.46;-26.12519;11.45949;
2.48;-26.54512;12.08276;
2.48;-26.54512;12.08276;
2.48;-26.54512;12.08276;
2.5;-27.51192;12.8795;
2.5;-27.51192;12.8795;
2.5;-27.51192;12.8795;
2.52;-27.97257;13.54376;
2.52;-27.97257;13.54376;
2.52;-27.97257;13.54376;
2.54;-28.86954;14.47345;
2.54;-28.86954;14.47345;
2.54;-28.86954;14.47345;
2.56;-29.1276;14.84543;
2.56;-29.1276;14.84543;
2.56;-29.1276;14.84543;
2.58;-29.50267;15.24425;
2.58;-29.50267;15.24425;
2.58;-29.50267;15.24425;
2.6;-29.82828;15.5749;
2.6;-29.82828;15.5749;
2.6;-29.82828;15.5749;
2.62;-29.82828;15.5749;
2.62;-29.82828;15.5749;
2.62;-29.82828;15.5749;
2.64;-29.97528;15.7394;
2.64;-29.97528;15.7394;
2.64;-29.97528;15.7394;
2.66;-30.09405;15.67026;
2.66;-30.09405;15.67026;
2.66;-30.09405;15.67026;
2.68;-30.22892;15.00722;
2.68;-30.22892;15.00722;
2.68;-30.22892;15.00722;
2.7;-30.22892;15.00722;
2.7;-30.22892;15.00722;
2.7;-30.22892;15.00722;
2.72;-29.85464;14.59358;
2.72;-29.85464;14.59358;
2.72;-29.85464;14.59358;
2.74;-29.3627;13.88189;
2.74;-29.3627;13.88189;
2.74;-29.3627;13.88189;
2.76;-28.94134;13.25134;
2.76;-28.94134;13.25134;
2.76;-28.94134;13.25134;
2.78;-28.4132;12.62794;
2.78;-28.4132;12.62794;
2.78;-28.4132;12.62794;
2.8;-27.83731;11.86251;
2.8;-27.83731;11.86251;
2.8;-27.83731;11.86251;
2.82;-27.21866;11.361;
2.82;-27.21866;11.361;
2.82;-27.21866;11.361;
2.84;-26.27483;10.53286;
2.84;-26.27483;10.53286;
2.84;-26.27483;10.53286;
2.86;-25.81997;10.24888;
2.86;-25.81997;10.24888;
2.86;-25.81997;10.24888;
2.88;-24.70938;9.644645;
2.88;-24.70938;9.644645;
2.88;-24.70938;9.644645;
2.9;-24.49747;9.060067;
2.9;-24.49747;9.060067;
2.9;-24.49747;9.060067;
2.92;-24.33783;8.762503;
2.92;-24.33783;8.762503;
2.92;-24.33783;8.762503;
2.94;-23.85693;8.262576;
2.94;-23.85693;8.262576;
2.94;-23.85693;8.262576;
2.96;-23.56773;8.152332;
2.96;-23.56773;8.152332;
2.96;-23.56773;8.152332;
2.98;-23.28225;8.040068;
2.98;-23.28225;8.040068;
2.98;-23.28225;8.040068;
3;-22.82614;7.802856;
3;-22.82614;7.802856;
3;-22.82614;7.802856;
3.02;-21.99015;7.636021;
3.02;-21.99015;7.636021;
3.02;-21.99015;7.636021;
3.04;-21.42432;7.714967;
3.04;-21.42432;7.714967;
3.04;-21.42432;7.714967;
3.06;-20.75735;8.096021;
3.06;-20.75735;8.096021;
3.06;-20.75735;8.096021;
3.08;-20.17504;8.529854;
3.08;-20.04447;8.687675;
3.08;-20.04447;8.687675;
3.1;-19.76035;8.776509;
3.1;-19.76035;8.776509;
3.1;-19.76035;8.776509;
3.12;-18.71721;9.265139;
3.12;-18.71721;9.265139;
3.12;-18.71721;9.265139;
3.14;-18.17556;9.447175;
3.14;-18.17556;9.447175;
3.14;-18.17556;9.447175;
3.16;-17.55239;9.52622;
3.16;-17.55239;9.52622;
3.16;-17.55239;9.52622;
3.18;-17.10622;9.504969;
3.18;-17.10622;9.504969;
3.18;-17.10622;9.504969;
3.2;-16.48572;9.76946;
3.2;-16.48572;9.76946;
3.2;-16.48572;9.76946;
3.22;-15.58979;10.08442;
3.22;-15.58979;10.08442;
3.22;-15.58979;10.08442;
3.24;-15.02284;10.26707;
3.24;-15.02284;10.26707;
3.24;-15.02284;10.26707;
3.26;-14.65597;10.57257;
3.26;-14.65597;10.57257;
3.26;-14.65597;10.57257;
3.28;-14.22941;11.1124;
3.28;-14.22941;11.1124;
3.28;-14.22941;11.1124;
3.3;-13.19447;11.70388;
3.3;-13.19447;11.70388;
3.3;-13.19447;11.70388;
3.32;-12.66426;12.21641;
3.32;-12.66426;12.21641;
3.32;-12.66426;12.21641;
3.34;-12.25811;12.5533;
3.34;-12.25811;12.5533;
3.34;-12.25811;12.5533;
3.36;-11.60512;13.26296;
3.36;-11.60512;13.26296;
3.36;-11.60512;13.26296;
3.38;-11.36441;13.73616;
3.38;-11.36441;13.73616;
3.38;-11.36441;13.73616;
3.4;-10.70802;14.35882;
3.4;-10.70802;14.35882;
3.4;-10.70802;14.35882;
3.42;-10.25323;14.78125;
3.42;-10.25323;14.78125;
3.42;-10.25323;14.78125;
3.44;-9.880055;15.3974;
3.44;-9.880055;15.3974;
3.44;-9.880055;15.3974;
3.46;-9.093857;16.34641;
3.46;-9.093857;16.34641;
3.46;-9.093857;16.34641;
3.48;-8.513771;16.87857;
3.48;-8.513771;16.87857;
3.48;-8.513771;16.87857;
3.5;-8.309492;16.93068;
3.5;-8.309492;16.93068;
3.5;-8.309492;16.93068;
3.52;-8.161537;17.03479;
3.52;-8.161537;17.03479;
3.52;-8.161537;17.03479;
3.54;-8.042756;17.15426;
3.54;-7.963531;17.24944;
3.54;-7.963531;17.24944;
3.56;-7.810104;17.40718;
3.56;-7.810104;17.40718;
3.56;-7.810104;17.40718;
3.58;-7.662745;17.52477;
3.58;-7.662745;17.52477;
3.58;-7.662745;17.52477;
3.6;-7.517706;17.59026;
3.6;-7.517706;17.59026;
3.6;-7.517706;17.59026;
3.62;-7.230765;17.8749;
3.62;-7.230765;17.8749;
3.62;-7.094669;18.01274;
3.64;-6.90344;18.17832;
3.64;-6.90344;18.17832;
3.64;-6.90344;18.17832;
3.66;-6.774873;18.26511;
3.66;-6.774873;18.26511;
3.66;-6.774873;18.26511;
3.68;-6.557456;18.22715;
3.68;-6.557456;18.22715;
3.68;-6.557456;18.22715;
3.7;-6.404644;18.30503;
3.7;-6.404644;18.30503;
3.7;-6.404644;18.30503;
3.72;-6.270511;18.33866;
3.72;-6.270511;18.33866;
3.72;-6.270511;18.33866;
3.74;-6.160934;18.32013;
3.74;-6.160934;18.32013;
3.74;-6.160934;18.32013;
3.76;-6.10468;18.2493;
3.76;-6.10468;18.2493;
3.76;-6.10468;18.2493;
3.78;-5.97976;18.26627;
3.78;-5.97976;18.26627;
3.78;-5.97976;18.26627;
3.8;-5.853028;18.36431;
3.8;-5.853028;18.36431;
3.8;-5.853028;18.36431;
3.82;-5.744819;18.38994;
3.82;-5.744819;18.38994;
3.82;-5.744819;18.38994;
3.84;-5.641022;18.42498;
3.84;-5.641022;18.42498;
3.84;-5.641022;18.42498;
3.86;-5.522345;18.52794;
3.86;-5.522345;18.52794;
3.86;-5.522345;18.52794;
3.88;-5.392996;18.68209;
3.88;-5.392996;18.68209;
3.88;-5.392996;18.68209;
3.9;-5.350514;18.67661;
3.9;-5.350514;18.67661;
3.9;-5.350514;18.67661;
3.92;-5.406404;18.58668;
3.92;-5.406404;18.58668;
3.92;-5.406404;18.58668;
3.94;-5.388003;18.49444;
3.94;-5.388003;18.49444;
3.94;-5.388003;18.49444;
3.96;-5.448399;18.24114;
3.96;-5.448399;18.24114;
3.96;-5.448399;18.24114;
3.98;-5.465932;18.19002;
3.98;-5.465932;18.19002;
3.98;-5.465932;18.19002;
4;-5.451082;18.1663;
4;-5.451082;18.1663;
4;-5.451082;18.1663;
4.02;-5.549949;17.90161;
4.02;-5.549949;17.90161;
4.02;-5.549949;17.90161;
4.04;-5.989838;17.03741;
4.04;-5.989838;17.03741;
4.04;-5.989838;17.03741;
4.06;-6.904265;15.69338;
4.06;-6.904265;15.69338;
4.06;-6.904265;15.69338;
4.08;-6.904265;15.69338;
4.08;-6.904265;15.69338;
4.08;-6.904265;15.69338;
4.1;-9.094589;13.16709;
4.1;-9.094589;13.16709;
4.1;-9.094589;13.16709;
4.12;-10.11728;12.33521;
4.12;-10.11728;12.33521;
4.12;-10.11728;12.33521;
4.14;-13.05995;9.872396;
4.14;-13.05995;9.872396;
4.14;-13.05995;9.872396;
4.16;-13.05995;9.872396;
4.16;-13.05995;9.872396;
4.16;-13.05995;9.872396;
4.18;-15.14543;8.294036;
4.18;-15.14543;8.294036;
4.18;-15.14543;8.294036;
4.2;-17.92358;6.33691;
4.2;-17.92358;6.33691;
4.2;-17.92358;6.33691;
4.22;-19.50426;5.234515;
4.22;-19.50426;5.234515;
4.22;-19.50426;5.234515;
4.24;-21.65825;3.926541;
4.24;-21.65825;3.926541;
4.24;-21.65825;3.926541;
4.26;-25.46414;1.352922;
4.26;-25.46414;1.352922;
4.26;-25.46414;1.352922;
4.28;-27.19298;-0.3097427;
4.28;-27.19298;-0.3097427;
4.28;-27.19298;-0.3097427;
4.3;-29.78904;-2.679704;
4.3;-29.78904;-2.679704;
4.3;-29.78904;-2.679704;
4.32;-31.19646;-4.151845;
4.32;-31.19646;-4.151845;
4.32;-31.19646;-4.151845;
4.34;-33.61064;-6.399206;
4.34;-33.61064;-6.399206;
4.34;-33.61064;-6.399206;
4.36;-37.22213;-11.00488;
4.36;-37.22213;-11.00488;
4.36;-37.22213;-11.00488;
4.38;-40.29224;-15.55425;
4.38;-40.29224;-15.55425;
4.38;-40.29224;-15.55425;
4.4;-42.03132;-18.42907;
4.4;-42.03132;-18.42907;
4.4;-42.03132;-18.42907;
4.42;-44.31841;-22.66304;
4.42;-44.31841;-22.66304;
4.42;-44.31841;-22.66304;
4.44;-45.15017;-25.6125;
4.44;-45.15017;-25.6125;
4.44;-45.15017;-25.6125;
4.46;-47.25931;-29.25234;
4.46;-47.25931;-29.25234;
4.46;-47.25931;-29.25234;
4.48;-48.09203;-32.38021;
4.48;-48.09203;-32.38021;
4.48;-48.09203;-32.38021;
4.5;-49.78961;-36.45792;
4.5;-49.78961;-36.45792;
4.5;-49.78961;-36.45792;
4.52;-50.91093;-38.85654;
4.52;-50.91093;-38.85654;
4.52;-50.91093;-38.85654;
4.54;-52.60982;-42.70957;
4.54;-52.60982;-42.70957;
4.54;-52.60982;-42.70957;
4.56;-54.28365;-45.38967;
4.56;-54.28365;-45.38967;
4.56;-54.28365;-45.38967;
4.58;-55.55021;-47.61156;
4.58;-55.55021;-47.61156;
4.58;-55.55021;-47.61156;
4.6;-56.78807;-49.6525;
4.6;-56.78807;-49.6525;
4.6;-56.78807;-49.6525;
4.62;-57.7599;-50.96244;
4.62;-57.7599;-50.96244;
4.62;-57.7599;-50.96244;
4.64;-61.4959;-55.62416;
4.64;-61.4959;-55.62416;
4.64;-61.4959;-55.62416;
4.66;-61.4959;-55.62416;
4.66;-61.4959;-55.62416;
4.66;-61.4959;-55.62416;
4.68;-63.46986;-57.61742;
4.68;-63.46986;-57.61742;
4.68;-63.46986;-57.61742;
4.7;-65.51348;-59.32292;
4.7;-65.51348;-59.32292;
4.7;-65.51348;-59.32292;
4.72;-67.00957;-60.37502;
4.72;-67.00957;-60.37502;
4.72;-67.00957;-60.37502;
4.74;-68.04308;-60.95924;
4.74;-68.04308;-60.95924;
4.74;-68.04308;-60.95924;
4.76;-69.06938;-61.48537;
4.76;-69.06938;-61.48537;
4.76;-69.06938;-61.48537;
4.78;-70.35895;-61.98183;
4.78;-70.35895;-61.98183;
4.78;-70.35895;-61.98183;
4.8;-72.19157;-62.57119;
4.8;-72.19157;-62.57119;
4.8;-72.19157;-62.57119;
4.82;-73.2659;-64.12203;
4.82;-73.2659;-64.12203;
4.82;-73.2659;-64.12203;
4.84;-73.69997;-65.86282;
4.84;-73.69997;-65.86282;
4.84;-73.69997;-65.86282;
4.86;-73.04424;-67.5721;
4.86;-73.04424;-67.5721;
4.86;-73.04424;-67.5721;
4.88;-71.57265;-69.56821;
4.88;-71.57265;-69.56821;
4.88;-71.57265;-69.56821;
4.9;-69.62071;-71.70603;
4.9;-69.62071;-71.70603;
4.9;-69.62071;-71.70603;
4.92;-66.25151;-74.99367;
4.92;-66.25151;-74.99367;
4.92;-66.25151;-74.99367;
4.94;-63.49075;-77.55838;
4.94;-63.49075;-77.55838;
4.94;-63.49075;-77.55838;
4.96;-60.53747;-81.23135;
4.96;-60.53747;-81.23135;
4.96;-60.53747;-81.23135;
4.98;-57.3662;-84.87399;
4.98;-57.3662;-84.87399;
4.98;-57.3662;-84.87399;
5;-53.81675;-89.09632;
5;-53.81675;-89.09632;
5;-53.81675;-89.09632;
5.02;-46.42972;-97.62512;
5.02;-46.42972;-97.62512;
5.02;-46.42972;-97.62512;
5.04;-42.58349;-102.0946;
5.04;-42.58349;-102.0946;
5.04;-42.58349;-102.0946;
5.06;-36.87856;-107.6793;
5.06;-36.87856;-107.6793;
5.06;-36.87856;-107.6793;
5.08;-33.08754;-111.8856;
5.08;-33.08754;-111.8856;
5.08;-33.08754;-111.8856;
5.1;-29.54383;-115.2032;
5.1;-29.54383;-115.2032;
5.1;-29.54383;-115.2032;
5.12;-26.52641;-118.6682;
5.12;-26.52641;-118.6682;
5.12;-26.52641;-118.6682;
5.14;-21.96425;-122.9996;
5.14;-21.96425;-122.9996;
5.14;-21.96425;-122.9996;
5.16;-17.22909;-127.2349;
5.16;-17.22909;-127.2349;
5.16;-17.22909;-127.2349;
5.18;-17.22909;-127.2349;
5.18;-17.22909;-127.2349;
5.18;-17.22909;-127.2349;
5.2;-12.10484;-132.2523;
5.2;-12.10484;-132.2523;
5.2;-12.10484;-132.2523;
5.22;-9.995869;-134.3906;
5.22;-9.995869;-134.3906;
5.22;-9.995869;-134.3906;
5.24;-7.747846;-136.7334;
5.24;-7.747846;-136.7334;
5.24;-7.747846;-136.7334;
5.26;-5.972246;-138.5813;
5.26;-5.972246;-138.5813;
5.26;-5.972246;-138.5813;
5.28;-4.151697;-140.6017;
5.28;-4.151697;-140.6017;
5.28;-4.151697;-140.6017;
5.3;-2.821183;-142.4836;
5.3;-2.821183;-142.4836;
5.3;-2.821183;-142.4836;
5.32;-0.6203951;-144.5051;
5.32;-0.6203951;-144.5051;
5.32;-0.6203951;-144.5051;
5.34;0.9416441;-145.8449;
5.34;0.9416441;-145.8449;
5.34;0.9416441;-145.8449;
5.36;2.522988;-147.7252;
5.36;2.522988;-147.7252;
5.36;2.522988;-147.7252;
5.38;5.408217;-150.7986;
5.38;5.408217;-150.7986;
5.38;5.408217;-150.7986;
5.4;7.173047;-152.5257;
5.4;7.173047;-152.5257;
5.4;7.173047;-152.5257;
5.42;7.173047;-152.5257;
5.42;7.173047;-152.5257;
5.42;7.173047;-152.5257;
5.44;9.11981;-153.9432;
5.44;9.11981;-153.9432;
5.44;9.11981;-153.9432;
5.46;10.13774;-154.8192;
5.46;10.13774;-154.8192;
5.46;10.13774;-154.8192;
5.48;10.85291;-155.4229;
5.48;10.85291;-155.4229;
5.48;10.85291;-155.4229;
5.5;11.49824;-156.0021;
5.5;11.49824;-156.0021;
5.5;11.49824;-156.0021;
5.52;12.11935;-156.9493;
5.52;12.11935;-156.9493;
5.52;12.11935;-156.9493;
5.54;12.81945;-157.6698;
5.54;12.81945;-157.6698;
5.54;12.81945;-157.6698;
5.56;13.23423;-158.1908;
5.56;13.23423;-158.1908;
5.56;13.23423;-158.1908;
5.58;13.53471;-158.6818;
5.58;13.53471;-158.6818;
5.58;13.53471;-158.6818;
5.6;13.90577;-159.2032;
5.6;13.90577;-159.2032;
5.6;13.90577;-159.2032;
5.62;14.35721;-159.9633;
5.62;14.35721;-159.9633;
5.62;14.35721;-159.9633;
5.64;14.76689;-160.87;
5.64;14.76689;-160.87;
5.64;14.76689;-160.87;
5.66;14.83185;-161.1224;
5.66;14.83185;-161.1224;
5.66;14.83185;-161.1224;
5.68;14.65154;-161.926;
5.68;14.65154;-161.926;
5.68;14.65154;-161.926;
5.7;14.31302;-163.1395;
5.7;14.31302;-163.1395;
5.7;14.31302;-163.1395;
5.72;13.74395;-164.0744;
5.72;13.74395;-164.0744;
5.72;13.74395;-164.0744;
5.74;12.99459;-165.2817;
5.74;12.99459;-165.2817;
5.74;12.99459;-165.2817;
5.76;11.82599;-166.0979;
5.76;11.82599;-166.0979;
5.76;11.82599;-166.0979;
5.78;11.00198;-166.4787;
5.78;11.00198;-166.4787;
5.78;11.00198;-166.4787;
5.8;10.03836;-166.7867;
5.8;10.03836;-166.7867;
5.8;10.03836;-166.7867;
5.82;9.06719;-166.9995;
5.82;9.06719;-166.9995;
5.82;9.06719;-166.9995;
5.84;8.099028;-167.2372;
5.84;8.099028;-167.2372;
5.84;8.099028;-167.2372;
5.86;6.620473;-167.4369;
5.86;6.620473;-167.4369;
5.86;6.620473;-167.4369;
5.88;5.783959;-167.5683;
5.88;5.783959;-167.5683;
5.88;5.783959;-167.5683;
5.9;4.50973;-167.9058;
5.9;4.50973;-167.9058;
5.9;4.50973;-167.9058;
5.92;3.746603;-168.2425;
5.92;3.746603;-168.2425;
5.92;3.746603;-168.2425;
5.94;3.280739;-168.4924;
5.94;3.280739;-168.4924;
5.94;3.280739;-168.4924;
5.96;2.639222;-168.8465;
5.96;2.639222;-168.8465;
5.96;2.639222;-168.8465;
5.98;2.279212;-169.1297;
5.98;2.279212;-169.1297;
5.98;2.279212;-169.1297;
6;2.011539;-169.3535;
6;2.011539;-169.3535;
6;2.011539;-169.3535;
6.02;1.100794;-169.4944;
6.02;1.100794;-169.4944;
6.02;1.100794;-169.4944;
6.04;0.7824428;-169.5085;
6.04;0.7824428;-169.5085;
6.04;0.7824428;-169.5085;
6.06;0.5289294;-169.6508;
6.06;0.5289294;-169.6508;
6.06;0.5289294;-169.6508;
6.08;0.2992743;-169.8686;
6.08;0.2992743;-169.8686;
6.08;0.2992743;-169.8686;
6.1;0.02405662;-170.1513;
6.1;0.02405662;-170.1513;
6.1;0.02405662;-170.1513;
6.12;-0.126344;-170.3262;
6.12;-0.126344;-170.3262;
6.12;-0.126344;-170.3262;
6.14;-0.2112171;-170.4528;
6.14;-0.2112171;-170.4528;
6.14;-0.2112171;-170.4528;
6.16;-0.249664;-170.5511;
6.16;-0.249664;-170.5511;
6.16;-0.249664;-170.5511;
6.18;-0.262717;-170.5909;
6.18;-0.262717;-170.5909;
6.18;-0.262717;-170.5909;
6.2;-0.2673315;-170.5755;
6.2;-0.2673315;-170.5755;
6.2;-0.2673315;-170.5755;
6.22;-0.2158159;-170.4851;
6.22;-0.2158159;-170.4851;
6.22;-0.2158159;-170.4851;
6.24;-0.1411125;-170.4128;
6.24;-0.1411125;-170.4128;
6.24;-0.1411125;-170.4128;
6.26;-0.06754185;-170.3787;
6.26;-0.06754185;-170.3787;
6.26;-0.06754185;-170.3787;
6.28;-0.0005942716;-170.3907;
6.28;-0.0005942716;-170.3907;
6.28;-0.0005942716;-170.3907;
6.3;0.09811871;-170.4164;
6.3;0.09811871;-170.4164;
6.3;0.09811871;-170.4164;
6.32;0.2219716;-170.3727;
6.32;0.2219716;-170.3727;
6.32;0.2219716;-170.3727;
6.34;0.4283513;-170.3316;
6.34;0.4283513;-170.3316;
6.34;0.4283513;-170.3316;
6.36;0.5740524;-170.271;
6.36;0.5740524;-170.271;
6.36;0.5740524;-170.271;
6.38;0.7305046;-170.1798;
6.38;0.7305046;-170.1798;
6.38;0.7305046;-170.1798;
6.4;0.8573785;-170.0231;
6.4;0.8573785;-170.0231;
6.4;0.8573785;-170.0231;
6.42;0.9601243;-169.9199;
6.42;0.9601243;-169.9199;
6.42;0.9601243;-169.9199;
6.44;1.045529;-169.7709;
6.44;1.045529;-169.7709;
6.44;1.045529;-169.7709;
6.46;0.9391363;-169.8469;
6.46;0.9391363;-169.8469;
6.46;0.9391363;-169.8469;
6.48;0.9023944;-169.9411;
6.48;0.9023944;-169.9411;
6.48;0.9023944;-169.9411;
6.5;0.8162427;-170.1151;
6.5;0.8162427;-170.1151;
6.5;0.8162427;-170.1151;
6.52;0.6786462;-170.2902;
6.52;0.6786462;-170.2902;
6.52;0.6786462;-170.2902;
6.54;0.5842918;-170.4474;
6.54;0.5842918;-170.4474;
6.54;0.5842918;-170.4474;
6.56;0.3741106;-170.6247;
6.56;0.3741106;-170.6247;
6.56;0.3741106;-170.6247;
6.58;0.3201332;-170.8989;
6.58;0.3201332;-170.8989;
6.58;0.3201332;-170.8989;
6.6;0.1746238;-171.3462;
6.6;0.1746238;-171.3462;
6.6;0.1746238;-171.3462;
6.62;0.07171933;-171.5717;
6.62;0.07171933;-171.5717;
6.62;0.07171933;-171.5717;
6.64;-0.009221232;-172.095;
6.64;-0.009221232;-172.095;
6.64;-0.009221232;-172.095;
6.66;-0.3325748;-172.4565;
6.66;-0.3325748;-172.4565;
6.66;-0.3325748;-172.4565;
6.68;-0.4141241;-172.5952;
6.68;-0.4141241;-172.5952;
6.68;-0.4141241;-172.5952;
6.7;-0.7233148;-172.8971;
6.7;-0.7233148;-172.8971;
6.7;-0.7233148;-172.8971;
6.72;-0.9000124;-173.08;
6.72;-0.9000124;-173.08;
6.72;-0.9000124;-173.08;
6.74;-1.03288;-173.2374;
6.74;-1.03288;-173.2374;
6.74;-1.03288;-173.2374;
6.76;-1.346695;-173.4728;
6.76;-1.346695;-173.4728;
6.76;-1.346695;-173.4728;
6.78;-1.647325;-174.0835;
6.78;-1.647325;-174.0835;
6.78;-1.647325;-174.0835;
6.8;-1.887081;-174.663;
6.8;-1.887081;-174.663;
6.8;-1.887081;-174.663;
6.82;-2.083724;-175.0099;
6.82;-2.083724;-175.0099;
6.82;-2.083724;-175.0099;
6.84;-2.236678;-175.3314;
6.84;-2.236678;-175.3314;
6.84;-2.236678;-175.3314;
6.86;-2.537737;-175.7455;
6.86;-2.537737;-175.7455;
6.86;-2.537737;-175.7455;
6.88;-2.813626;-175.9939;
6.88;-2.813626;-175.9939;
6.88;-2.813626;-175.9939;
6.9;-3.115381;-176.1755;
6.9;-3.115381;-176.1755;
6.9;-3.115381;-176.1755;
6.92;-3.537291;-176.541;
6.92;-3.537291;-176.541;
6.92;-3.537291;-176.541;
6.94;-3.69123;-176.7151;
6.94;-3.69123;-176.7151;
6.94;-3.69123;-176.7151;
6.96;-3.81265;-176.9137;
6.96;-3.81265;-176.9137;
6.96;-3.81265;-176.9137;
6.98;-3.93029;-177.0663;
6.98;-3.93029;-177.0663;
6.98;-3.93029;-177.0663;
7;-4.024194;-177.1749;
7;-4.024194;-177.1749;
7;-4.024194;-177.1749;
7.02;-4.08615;-177.2425;
7.02;-4.08615;-177.2425;
7.02;-4.08615;-177.2425;
7.04;-4.134123;-177.2674;
7.04;-4.134123;-177.2674;
7.04;-4.134123;-177.2674;
7.06;-4.441649;-177.3276;
7.06;-4.441649;-177.3276;
7.06;-4.441649;-177.3276;
7.08;-4.613945;-177.3515;
7.08;-4.613945;-177.3515;
7.08;-4.613945;-177.3515;
7.1;-4.684511;-177.3619;
7.1;-4.684511;-177.3619;
7.1;-4.684511;-177.3619;
7.12;-4.712081;-177.3688;
7.12;-4.712081;-177.3688;
7.12;-4.712081;-177.3688;
7.14;-4.734815;-177.3887;
7.14;-4.734815;-177.3887;
7.14;-4.734815;-177.3887;
7.16;-4.766646;-177.3949;
7.16;-4.766646;-177.3949;
7.16;-4.766646;-177.3949;
7.18;-4.776653;-177.367;
7.18;-4.776653;-177.367;
7.18;-4.776653;-177.367;
7.2;-4.745318;-177.3751;
7.2;-4.745318;-177.3751;
7.2;-4.745318;-177.3751;
7.22;-4.734875;-177.3821;
7.22;-4.734875;-177.3821;
7.22;-4.734875;-177.3821;
7.24;-4.677235;-177.4403;
7.24;-4.677235;-177.4403;
7.24;-4.677235;-177.4403;
7.26;-4.525193;-177.5481;
7.26;-4.525193;-177.5481;
7.26;-4.525193;-177.5481;
7.28;-4.442577;-177.6111;
7.28;-4.442577;-177.6111;
7.28;-4.442577;-177.6111;
7.3;-4.32326;-177.657;
7.3;-4.32326;-177.657;
7.3;-4.32326;-177.657;
7.32;-4.228218;-177.6609;
7.32;-4.228218;-177.6609;
7.32;-4.228218;-177.6609;
7.34;-4.078492;-177.6724;
7.34;-4.078492;-177.6724;
7.34;-4.078492;-177.6724;
7.36;-3.970157;-177.7205;
7.36;-3.970157;-177.7205;
7.36;-3.970157;-177.7205;
7.38;-3.868613;-177.7775;
7.38;-3.868613;-177.7775;
7.38;-3.868613;-177.7775;
7.4;-3.762483;-177.852;
7.4;-3.762483;-177.852;
7.4;-3.762483;-177.852;
7.42;-3.684747;-177.88;
7.42;-3.684747;-177.88;
7.42;-3.684747;-177.88;
7.44;-3.574962;-177.9405;
7.44;-3.574962;-177.9405;
7.44;-3.574962;-177.9405;
7.46;-3.506924;-177.9948;
7.46;-3.506924;-177.9948;
7.46;-3.506924;-177.9948;
7.48;-3.446512;-178.0785;
7.48;-3.446512;-178.0785;
7.48;-3.446512;-178.0785;
7.5;-3.338431;-178.4748;
7.5;-3.338431;-178.4748;
7.5;-3.338431;-178.4748;
7.52;-0.4002895;-171.1765;
7.52;-0.4002895;-171.1765;
7.52;-0.4002895;-171.1765;
7.54;-1.623119;-174.0762;
7.54;-1.623119;-174.0762;
7.54;-1.623119;-174.0762;
7.56;-2.471619;-176.0457;
7.56;-2.471619;-176.0457;
7.56;-2.471619;-176.0457;
7.58;-2.625843;-176.4074;
7.58;-2.625843;-176.4074;
7.58;-2.625843;-176.4074;
7.6;-2.724029;-176.5794;
7.6;-2.724029;-176.5794;
7.6;-2.724029;-176.5794;
7.62;-2.771488;-176.6539;
7.62;-2.771488;-176.6539;
7.62;-2.771488;-176.6539;
7.64;-3.149264;-177.3443;
7.64;-3.149264;-177.3443;
7.64;-3.149264;-177.3443;
7.66;-3.272791;-177.5232;
7.66;-3.272791;-177.5232;
7.66;-3.272791;-177.5232;
7.68;-3.366831;-177.6037;
7.68;-3.366831;-177.6037;
7.68;-3.366831;-177.6037;
7.7;-3.469616;-177.6233;
7.7;-3.469616;-177.6233;
7.7;-3.469616;-177.6233;
7.72;-3.642417;-177.7279;
7.72;-3.642417;-177.7279;
7.72;-3.642417;-177.7279;
7.74;-3.734468;-177.7452;
7.74;-3.734468;-177.7452;
7.74;-3.734468;-177.7452;
7.76;-3.836967;-177.7684;
7.76;-3.836967;-177.7684;
7.76;-3.836967;-177.7684;
7.78;-3.922747;-177.7612;
7.78;-3.922747;-177.7612;
7.78;-3.922747;-177.7612;
7.8;-4.084448;-177.6711;
7.8;-4.084448;-177.6711;
7.8;-4.084448;-177.6711;
7.82;-4.160921;-177.6022;
7.82;-4.160921;-177.6022;
7.82;-4.160921;-177.6022;
7.84;-4.200003;-177.6218;
7.84;-4.200003;-177.6218;
7.84;-4.200003;-177.6218;
7.86;-4.236619;-177.638;
7.86;-4.236619;-177.638;
7.86;-4.236619;-177.638;
7.88;-4.247974;-177.6462;
7.88;-4.247974;-177.6462;
7.88;-4.247974;-177.6462;
7.9;-4.256424;-177.6645;
7.9;-4.256424;-177.6645;
7.9;-4.256424;-177.6645;
7.92;-4.263496;-177.6836;
7.92;-4.263496;-177.6836;
7.92;-4.263496;-177.6836;
7.94;-4.260237;-177.702;
7.94;-4.260237;-177.702;
7.94;-4.260237;-177.702;
7.96;-4.238963;-177.7502;
7.96;-4.238963;-177.7502;
7.96;-4.238963;-177.7502;
7.98;-4.217948;-177.7645;
7.98;-4.217948;-177.7645;
7.98;-4.217948;-177.7645;
8;-4.200869;-177.8253;
8;-4.200869;-177.8253;
8;-4.200869;-177.8253;
8.02;-4.20048;-177.9224;
8.02;-4.20048;-177.9224;
8.02;-4.20048;-177.9224;
8.04;-4.209298;-178.028;
8.04;-4.209298;-178.028;
8.04;-4.209298;-178.028;
8.059999;-4.220901;-178.1518;
8.059999;-4.220901;-178.1518;
8.059999;-4.220901;-178.1518;
8.08;-4.241333;-178.2601;
8.08;-4.241333;-178.2601;
8.08;-4.241333;-178.2601;
8.099999;-4.292431;-178.321;
8.099999;-4.292431;-178.321;
8.099999;-4.292431;-178.321;
8.12;-4.37379;-178.3411;
8.12;-4.37379;-178.3411;
8.12;-4.37379;-178.3411;
8.139999;-4.398977;-178.3466;
8.139999;-4.398977;-178.3466;
8.139999;-4.398977;-178.3466;
8.16;-4.557995;-178.642;
8.16;-4.557995;-178.642;
8.16;-4.557995;-178.642;
8.179999;-4.630274;-178.8949;
8.179999;-4.630274;-178.8949;
8.179999;-4.630274;-178.8949;
8.2;-4.683157;-179.2406;
8.2;-4.683157;-179.2406;
8.2;-4.683157;-179.2406;
8.22;-4.717697;-179.3809;
8.22;-4.717697;-179.3809;
8.22;-4.717697;-179.3809;
8.24;-4.736486;-179.3872;
8.24;-4.736486;-179.3872;
8.24;-4.736486;-179.3872;
8.26;-4.746786;-179.3821;
8.26;-4.746786;-179.3821;
8.26;-4.746786;-179.3821;
8.28;-4.756524;-179.3519;
8.28;-4.756524;-179.3519;
8.28;-4.756524;-179.3519;
8.3;-4.75318;-179.3184;
8.3;-4.75318;-179.3184;
8.3;-4.75318;-179.3184;
8.32;-4.753914;-179.2505;
8.32;-4.753914;-179.2505;
8.32;-4.753914;-179.2505;
8.34;-4.747752;-179.1006;
8.34;-4.747752;-179.1006;
8.34;-4.747752;-179.1006;
8.36;-4.751558;-179.0472;
8.36;-4.751558;-179.0472;
8.36;-4.751558;-179.0472;
8.38;-4.758782;-178.9991;
8.38;-4.758782;-178.9991;
8.38;-4.758782;-178.9991;
8.4;-4.766258;-178.9345;
8.4;-4.766258;-178.9345;
8.4;-4.766258;-178.9345;
8.42;-4.762701;-178.889;
8.42;-4.762701;-178.889;
8.42;-4.762701;-178.889;
8.44;-4.77215;-178.8568;
8.44;-4.77215;-178.8568;
8.44;-4.77215;-178.8568;
8.46;-4.773528;-178.7839;
8.46;-4.773528;-178.7839;
8.46;-4.773528;-178.7839;
8.48;-4.758531;-178.7546;
8.48;-4.758531;-178.7546;
8.48;-4.758531;-178.7546;
8.5;-4.758531;-178.7546;
8.5;-4.758531;-178.7546;
8.5;-4.758531;-178.7546;
8.52;-4.758729;-178.7023;
8.52;-4.758729;-178.7023;
8.52;-4.758729;-178.7023;
8.54;-4.729581;-178.6832;
8.54;-4.729581;-178.6832;
8.54;-4.729581;-178.6832;
8.559999;-4.722388;-178.6782;
8.559999;-4.722388;-178.6782;
8.559999;-4.722388;-178.6782;
8.58;-4.71176;-178.6657;
8.58;-4.71176;-178.6657;
8.58;-4.71176;-178.6657;
8.599999;-4.703244;-178.6533;
8.599999;-4.703244;-178.6533;
8.599999;-4.693558;-178.6484;
8.62;-4.676572;-178.6452;
8.62;-4.676572;-178.6452;
8.62;-4.676572;-178.6452;
8.639999;-4.674401;-178.6444;
8.639999;-4.674401;-178.6444;
8.639999;-4.674401;-178.6444;
8.66;-4.638882;-178.6616;
8.66;-4.638882;-178.6616;
8.66;-4.638882;-178.6616;
8.679999;-4.619493;-178.6669;
8.679999;-4.619493;-178.6669;
8.679999;-4.619493;-178.6669;
8.7;-4.575041;-178.6572;
8.7;-4.575041;-178.6572;
8.7;-4.575041;-178.6572;
8.72;-4.542681;-178.6781;
8.72;-4.542681;-178.6781;
8.72;-4.542681;-178.6781;
8.74;-4.468091;-178.7157;
8.74;-4.468091;-178.7157;
8.74;-4.468091;-178.7157;
8.76;-4.399415;-178.8527;
8.76;-4.399415;-178.8527;
8.76;-4.399415;-178.8527;
8.78;-4.357506;-178.9903;
8.78;-4.357506;-178.9903;
8.78;-4.357506;-178.9903;
8.8;-4.331677;-179.0696;
8.8;-4.331677;-179.0696;
8.8;-4.331677;-179.0696;
8.82;-4.266991;-179.2143;
8.82;-4.266991;-179.2143;
8.82;-4.266991;-179.2143;
8.84;-4.22631;-179.2721;
8.84;-4.22631;-179.2721;
8.84;-4.22631;-179.2721;
8.86;-4.209671;-179.2843;
8.86;-4.209671;-179.2843;
8.86;-4.184462;-179.3111;
8.88;-4.11777;-179.3816;
8.88;-4.11777;-179.3816;
8.88;-4.11777;-179.3816;
8.9;-3.998565;-179.5498;
8.9;-3.998565;-179.5498;
8.9;-3.998565;-179.5498;
8.92;-3.902548;-179.6829;
8.92;-3.902548;-179.6829;
8.92;-3.902548;-179.6829;
8.94;-3.541759;-180.1719;
8.94;-3.541759;-180.1719;
8.94;-3.541759;-180.1719;
8.96;-3.541759;-180.1719;
8.96;-3.541759;-180.1719;
8.96;-3.541759;-180.1719;
8.98;-3.25004;-180.4603;
8.98;-3.25004;-180.4603;
8.98;-3.25004;-180.4603;
9;-2.757992;-180.7085;
9;-2.757992;-180.7085;
9;-2.757992;-180.7085;
9.02;-2.465701;-180.8165;
9.02;-2.465701;-180.8165;
9.02;-2.465701;-180.8165;
9.04;-2.153666;-180.8686;
9.04;-2.153666;-180.8686;
9.04;-2.153666;-180.8686;
9.059999;-1.821998;-180.8945;
9.059999;-1.821998;-180.8945;
9.059999;-1.821998;-180.8945;
9.08;-1.44439;-181.0842;
9.08;-1.44439;-181.0842;
9.08;-1.44439;-181.0842;
9.099999;-1.150674;-181.306;
9.099999;-1.150674;-181.306;
9.099999;-1.150674;-181.306;
9.12;-0.5158615;-181.5929;
9.12;-0.5158615;-181.5929;
9.12;-0.5158615;-181.5929;
9.139999;-0.1261743;-181.5759;
9.139999;-0.1261743;-181.5759;
9.139999;-0.1261743;-181.5759;
9.16;0.2338992;-181.5869;
9.16;0.2338992;-181.5869;
9.16;0.2338992;-181.5869;
9.179999;0.5962026;-181.5122;
9.179999;0.5962026;-181.5122;
9.179999;0.5962026;-181.5122;
9.2;0.9942408;-181.507;
9.2;0.9942408;-181.507;
9.2;0.9942408;-181.507;
9.22;1.406033;-181.4013;
9.22;1.406033;-181.4013;
9.22;1.406033;-181.4013;
9.24;1.863269;-181.291;
9.24;1.863269;-181.291;
9.24;1.863269;-181.291;
9.26;2.960833;-180.8972;
9.26;2.960833;-180.8972;
9.26;2.960833;-180.8972;
9.28;3.513471;-180.6457;
9.28;3.513471;-180.6457;
9.28;3.513471;-180.6457;
9.3;3.926336;-180.5095;
9.3;3.926336;-180.5095;
9.3;3.926336;-180.5095;
9.32;4.487543;-180.2591;
9.32;4.487543;-180.2591;
9.32;4.487543;-180.2591;
9.34;5.341411;-180.1443;
9.34;5.341411;-180.1443;
9.34;5.341411;-180.1443;
9.36;6.18556;-179.9165;
9.36;6.18556;-179.9165;
9.36;6.18556;-179.9165;
9.38;6.933282;-179.7124;
9.38;6.933282;-179.7124;
9.38;6.933282;-179.7124;
9.4;8.532447;-179.5325;
9.4;8.532447;-179.5325;
9.4;8.532447;-179.5325;
9.42;9.058043;-179.3811;
9.42;9.058043;-179.3811;
9.42;9.058043;-179.3811;
9.44;10.19744;-179.2835;
9.44;10.19744;-179.2835;
9.44;10.19744;-179.2835;
9.46;11.45696;-179.5917;
9.46;11.45696;-179.5917;
9.46;12.24024;-179.6589;
9.48;12.93742;-179.805;
9.48;12.93742;-179.805;
9.48;12.93742;-179.805;
9.5;15.3324;-180.4152;
9.5;15.3324;-180.4152;
9.5;15.3324;-180.4152;
9.52;16.84436;-180.5534;
9.52;16.84436;-180.5534;
9.52;16.84436;-180.5534;
9.54;18.96889;-180.7098;
9.54;18.96889;-180.7098;
9.54;18.96889;-180.7098;
9.559999;19.8509;-180.6629;
9.559999;19.8509;-180.6629;
9.559999;19.8509;-180.6629;
9.58;20.97904;-180.7192;
9.58;20.97904;-180.7192;
9.58;20.97904;-180.7192;
9.599999;22.19492;-180.1777;
9.599999;22.19492;-180.1777;
9.599999;22.19492;-180.1777;
9.62;23.06365;-179.7609;
9.62;23.06365;-179.7609;
9.62;23.06365;-179.7609;
9.639999;24.01842;-179.4663;
9.639999;24.01842;-179.4663;
9.639999;24.01842;-179.4663;
9.66;25.22304;-179.1157;
9.66;25.22304;-179.1157;
9.66;25.22304;-179.1157;
9.679999;25.7182;-178.9875;
9.679999;25.7182;-178.9875;
9.679999;25.7182;-178.9875;
9.7;26.18749;-179.1006;
9.7;26.18749;-179.1006;
9.7;26.18749;-179.1006;
9.719999;26.47049;-179.1561;
9.719999;26.47049;-179.1561;
9.719999;26.47049;-179.1561;
9.74;26.6792;-179.356;
9.74;26.6792;-179.356;
9.74;26.6792;-179.356;
9.76;26.92005;-179.8647;
9.76;26.92005;-179.8647;
9.76;26.92005;-179.8647;
9.78;27.05886;-180.7652;
9.78;27.05886;-180.7652;
9.78;27.05886;-180.7652;
9.8;26.99646;-181.7992;
9.8;26.99646;-181.7992;
9.8;26.99646;-181.7992;
9.82;26.90964;-182.2945;
9.82;26.90964;-182.2945;
9.82;26.90964;-182.2945;
9.84;26.89464;-182.6042;
9.84;26.89464;-182.6042;
9.84;26.89464;-182.6042;
9.86;26.80156;-182.953;
9.86;26.80156;-182.953;
9.86;26.80156;-182.953;
9.88;26.56953;-183.2287;
9.88;26.56953;-183.2287;
9.88;26.56953;-183.2287;
9.9;25.66543;-183.5668;
9.9;25.66543;-183.5668;
9.9;25.66543;-183.5668;
9.92;25.04895;-183.6929;
9.92;25.04895;-183.6929;
9.92;25.04895;-183.6929;
9.94;24.34935;-184.0721;
9.94;24.34935;-184.0721;
9.94;24.34935;-184.0721;
9.96;23.73847;-184.083;
9.96;23.73847;-184.083;
9.96;23.73847;-184.083;
9.98;23.27074;-184.0459;
9.98;23.27074;-184.0459;
9.98;23.27074;-184.0459;
10;22.39737;-184.0399;
10;22.39737;-184.0399;
10;22.39737;-184.0399;
10.02;21.59116;-184.5117;
10.02;21.59116;-184.5117;
10.02;21.59116;-184.5117;
10.04;20.779;-184.7124;
10.04;20.779;-184.7124;
10.04;20.779;-184.7124;
10.06;20.17277;-184.7992;
10.06;20.17277;-184.7992;
10.06;19.8167;-184.8696;
10.08;19.12716;-184.8596;
10.08;19.12716;-184.8596;
10.08;19.12716;-184.8596;
10.1;18.43408;-184.7981;
10.1;18.43408;-184.7981;
10.1;18.43408;-184.7981;
10.12;17.78694;-184.7612;
10.12;17.78694;-184.7612;
10.12;17.78694;-184.7612;
10.14;17.01174;-184.4352;
10.14;17.01174;-184.4352;
10.14;17.01174;-184.4352;
10.16;15.21344;-184.3784;
10.16;15.21344;-184.3784;
10.16;15.21344;-184.3784;
10.18;14.15201;-184.2639;
10.18;14.15201;-184.2639;
10.18;14.15201;-184.2639;
10.2;13.24227;-184.1825;
10.2;13.24227;-184.1825;
10.2;13.24227;-184.1825;
10.22;12.23505;-184.0964;
10.22;12.23505;-184.0964;
10.22;12.23505;-184.0964;
10.24;11.03273;-184.2557;
10.24;11.03273;-184.2557;
10.24;11.03273;-184.2557;
10.26;10.00985;-184.52;
10.26;10.00985;-184.52;
10.26;10.00985;-184.52;
10.28;7.949269;-184.6916;
10.28;7.949269;-184.6916;
10.28;7.949269;-184.6916;
10.3;6.7604;-184.5975;
10.3;6.7604;-184.5975;
10.3;6.7604;-184.5975;
10.32;5.618898;-184.6214;
10.32;5.618898;-184.6214;
10.32;5.618898;-184.6214;
10.34;4.360044;-184.5163;
10.34;4.360044;-184.5163;
10.34;4.360044;-184.5163;
10.36;3.26721;-184.5019;
10.36;3.26721;-184.5019;
10.36;3.26721;-184.5019;
10.38;2.002739;-184.7002;
10.38;2.002739;-184.7002;
10.38;2.002739;-184.7002;
10.4;0.6959574;-184.6886;
10.4;0.6959574;-184.6886;
10.4;0.6959574;-184.6886;
10.42;-1.175949;-184.8861;
10.42;-1.175949;-184.8861;
10.42;-1.175949;-184.8861;
10.44;-2.171651;-184.8352;
10.44;-2.171651;-184.8352;
10.44;-2.171651;-184.8352;
10.46;-2.976042;-184.8358;
10.46;-2.976042;-184.8358;
10.46;-2.976042;-184.8358;
10.48;-4.146389;-184.9809;
10.48;-4.146389;-184.9809;
10.48;-4.146389;-184.9809;
10.5;-4.905545;-185.089;
10.5;-4.905545;-185.089;
10.5;-4.905545;-185.089;
10.52;-5.629946;-185.0909;
10.52;-5.629946;-185.0909;
10.52;-5.629946;-185.0909;
10.54;-6.304168;-185.1196;
10.54;-6.304168;-185.1196;
10.54;-6.304168;-185.1196;
10.56;-6.795805;-185.2093;
10.56;-6.795805;-185.2093;
10.56;-6.795805;-185.2093;
10.58;-7.441446;-185.1606;
10.58;-7.441446;-185.1606;
10.58;-7.441446;-185.1606;
10.6;-7.620944;-185.1259;
10.6;-7.620944;-185.1259;
10.6;-7.620944;-185.1259;
10.62;-8.042658;-185.0828;
10.62;-8.042658;-185.0828;
10.62;-8.042658;-185.0828;
10.64;-8.329559;-185.189;
10.64;-8.329559;-185.189;
10.64;-8.329559;-185.189;
10.66;-8.492698;-185.2559;
10.66;-8.492698;-185.2559;
10.66;-8.492698;-185.2559;
10.68;-8.698694;-185.3257;
10.68;-8.698694;-185.3257;
10.68;-8.698694;-185.3257;
10.7;-8.698694;-185.3257;
10.7;-8.698694;-185.3257;
10.7;-8.698694;-185.3257;
10.72;-8.862032;-185.3581;
10.72;-8.862032;-185.3581;
10.72;-8.862032;-185.3581;
10.74;-9.060301;-185.4285;
10.74;-9.060301;-185.4285;
10.74;-9.060301;-185.4285;
10.76;-9.135534;-185.4715;
10.76;-9.135534;-185.4715;
10.76;-9.135534;-185.4715;
10.78;-9.227543;-185.5153;
10.78;-9.227543;-185.5153;
10.78;-9.227543;-185.5153;
10.8;-9.354773;-185.6445;
10.8;-9.354773;-185.6445;
10.8;-9.354773;-185.6445;
10.82;-9.463949;-185.7415;
10.82;-9.463949;-185.7415;
10.82;-9.463949;-185.7415;
10.84;-9.583882;-185.8;
10.84;-9.583882;-185.8;
10.84;-9.583882;-185.8;
10.86;-9.649879;-185.8528;
10.86;-9.649879;-185.8528;
10.86;-9.649879;-185.8528;
10.88;-9.688643;-185.9692;
10.88;-9.688643;-185.9692;
10.88;-9.688643;-185.9692;
10.9;-9.67563;-185.9947;
10.9;-9.67563;-185.9947;
10.9;-9.67563;-185.9947;
10.92;-9.684651;-186.0315;
10.92;-9.684651;-186.0315;
10.92;-9.684651;-186.0315;
10.94;-9.7178;-186.0817;
10.94;-9.7178;-186.0817;
10.94;-9.7178;-186.0817;
10.96;-9.741988;-186.1178;
10.96;-9.741988;-186.1178;
10.96;-9.741988;-186.1178;
10.98;-9.727119;-186.1593;
10.98;-9.727119;-186.1593;
10.98;-9.727119;-186.1593;
11;-9.700883;-186.2745;
11;-9.700883;-186.2745;
11;-9.700883;-186.2745;
11.02;-9.670701;-186.3436;
11.02;-9.670701;-186.3436;
11.02;-9.670701;-186.3436;
11.04;-9.613791;-186.4022;
11.04;-9.613791;-186.4022;
11.04;-9.613791;-186.4022;
11.06;-9.551611;-186.5315;
11.06;-9.551611;-186.5315;
11.06;-9.551611;-186.5315;
11.08;-9.492129;-186.6271;
11.08;-9.492129;-186.6271;
11.08;-9.492129;-186.6271;
11.1;-9.331899;-186.9039;
11.1;-9.331899;-186.9039;
11.1;-9.331899;-186.9039;
11.12;-9.258184;-186.9986;
11.12;-9.258184;-186.9986;
11.12;-9.258184;-186.9986;
11.14;-9.145612;-187.0843;
11.14;-9.145612;-187.0843;
11.14;-9.145612;-187.0843;
11.16;-8.922652;-187.2004;
11.16;-8.922652;-187.2004;
11.16;-8.922652;-187.2004;
11.18;-8.869906;-187.2226;
11.18;-8.869906;-187.2226;
11.18;-8.869906;-187.2226;
11.2;-8.670398;-187.2706;
11.2;-8.670398;-187.2706;
11.2;-8.670398;-187.2706;
11.22;-8.600349;-187.2858;
11.22;-8.600349;-187.2858;
11.22;-8.528193;-187.2831;
11.24;-8.238766;-187.3416;
11.24;-8.238766;-187.3416;
11.24;-8.238766;-187.3416;
11.26;-8.12833;-187.4182;
11.26;-8.12833;-187.4182;
11.26;-8.12833;-187.4182;
11.28;-7.997815;-187.5387;
11.28;-7.997815;-187.5387;
11.28;-7.997815;-187.5387;
11.3;-7.738313;-187.8233;
11.3;-7.738313;-187.8233;
11.3;-7.738313;-187.8233;
11.32;-7.521652;-188.0622;
11.32;-7.521652;-188.0622;
11.32;-7.521652;-188.0622;
11.34;-7.442194;-188.1417;
11.34;-7.442194;-188.1417;
11.34;-7.442194;-188.1417;
11.36;-7.327509;-188.3451;
11.36;-7.327509;-188.3451;
11.36;-7.327509;-188.3451;
11.38;-7.2551;-188.5424;
11.38;-7.2551;-188.5424;
11.38;-7.2551;-188.5424;
11.4;-7.247688;-188.7057;
11.4;-7.247688;-188.7057;
11.4;-7.247688;-188.7057;
11.42;-7.156712;-189.1429;
11.42;-7.156712;-189.1429;
11.42;-7.156712;-189.1429;
11.44;-7.118476;-189.2779;
11.44;-7.118476;-189.2779;
11.44;-7.118476;-189.2779;
11.46;-7.0765;-189.4105;
11.46;-7.0765;-189.4105;
11.46;-7.0765;-189.4105;
11.48;-7.023479;-189.5762;
11.48;-7.023479;-189.5762;
11.48;-7.023479;-189.5762;
11.5;-6.995023;-189.7278;
11.5;-6.995023;-189.7278;
11.5;-6.995023;-189.7278;
11.52;-6.974353;-189.9019;
11.52;-6.974353;-189.9019;
11.52;-6.974353;-189.9019;
11.54;-7.224202;-190.5982;
11.54;-7.224202;-190.5982;
11.54;-7.224202;-190.5982;
11.56;-7.530149;-191.2386;
11.56;-7.530149;-191.2386;
11.56;-7.530149;-191.2386;
11.58;-7.691912;-191.5234;
11.58;-7.691912;-191.5234;
11.58;-7.691912;-191.5234;
11.6;-7.771115;-191.8489;
11.6;-7.771115;-191.8489;
11.6;-7.771115;-191.8489;
11.62;-7.934842;-192.1746;
11.62;-7.934842;-192.1746;
11.62;-7.934842;-192.1746;
11.64;-8.390035;-192.7835;
11.64;-8.390035;-192.7835;
11.64;-8.390035;-192.7835;
11.66;-9.219252;-194.0215;
11.66;-9.219252;-194.0215;
11.66;-9.219252;-194.0215;
11.68;-9.219252;-194.0215;
11.68;-9.219252;-194.0215;
11.68;-9.219252;-194.0215;
11.7;-9.860771;-194.704;
11.7;-9.860771;-194.704;
11.7;-9.860771;-194.704;
11.72;-11.16368;-196.4678;
11.72;-11.16368;-196.4678;
11.72;-11.16368;-196.4678;
11.74;-11.5331;-197.6236;
11.74;-11.5331;-197.6236;
11.74;-11.5331;-197.6236;
11.76;-12.3329;-199.2144;
11.76;-12.3329;-199.2144;
11.76;-12.3329;-199.2144;
11.78;-12.61438;-199.91;
11.78;-12.61438;-199.91;
11.78;-12.61438;-199.91;
11.8;-12.61438;-199.91;
11.8;-12.61438;-199.91;
11.8;-12.61438;-199.91;
11.82;-13.51363;-199.1958;
11.82;-13.51363;-199.1958;
11.82;-13.51363;-199.1958;
11.84;-11.32743;-194.0221;
11.84;-11.32743;-194.0221;
11.84;-11.32743;-194.0221;
11.86;-10.13049;-188.7797;
11.86;-10.13049;-188.7797;
11.86;-10.13049;-188.7797;
11.88;-7.802156;-182.778;
11.88;-7.802156;-182.778;
11.88;-7.802156;-182.778;
11.9;-6.536839;-175.6181;
11.9;-6.536839;-175.6181;
11.9;-6.536839;-175.6181;
11.92;-7.821509;-170.7133;
11.92;-7.821509;-170.7133;
11.92;-7.821509;-170.7133;
11.94;-11.14342;-165.4971;
11.94;-11.14342;-165.4971;
11.94;-11.14342;-165.4971;
11.96;-13.23472;-132.6593;
11.96;-13.23472;-132.6593;
11.96;-13.23472;-132.6593;
11.98;-15.24317;-127.5926;
11.98;-15.24317;-127.5926;
11.98;-15.24317;-127.5926;
12;-18.71893;-97.54011;
12;-18.71893;-97.54011;
12;-18.71893;-97.54011;
12.02;-13.5008;-84.60537;
12.02;-13.5008;-84.60537;
12.02;-13.5008;-84.60537;
12.04;38.63546;-17.32626;
12.04;38.63546;-17.32626;
12.04;38.63546;-17.32626;
12.06;83.37292;44.756;
12.06;83.37292;44.756;
12.06;83.37292;44.756;
12.08;95.65671;63.59917;
12.08;95.65671;63.59917;
12.08;95.65671;63.59917;
12.1;101.6965;73.93788;
12.1;101.6965;73.93788;
12.1;101.6965;73.93788;
12.12;134.708;108.5003;
12.12;134.708;108.5003;
12.12;134.708;108.5003;
12.14;134.6248;136.2479;
12.14;134.6248;136.2479;
12.14;134.6248;136.2479;
12.16;0;0;
12.16;0;0;
12.16;0;0;
12.18;0;0;
12.18;0;0;
12.18;0;0;
12.2;0;0;
12.2;0;0;
12.2;0;0;
12.22;0;0;
12.22;0;0;
12.22;0;0;
12.24;0;0;
12.24;0;0;
12.24;0;0;
12.26;0;0;
12.26;0;0;
12.26;0;0;
12.28;0;0;
12.28;0;0;
12.28;0;0;
12.3;0;0;
12.3;0;0;
12.3;0;0;
12.32;0;0;
12.32;0;0;
12.32;0;0;
12.34;0;0;
12.34;0;0;
12.34;0;0;
12.36;0;0;
12.36;0;0;
12.36;0;0;
12.38;0;0;
12.38;0;0;
12.38;0;0;
12.4;0;0;
12.4;0;0;
12.4;0;0;
12.42;0;0;
12.42;0;0;
12.42;0;0;
12.44;0;0;
12.44;0;0;
12.44;0;0;
12.46;0;0;
12.46;0;0;
12.46;0;0;
12.48;156.7296;45.36225;
12.48;156.7296;45.36225;
12.48;156.7296;45.36225;
12.5;155.0297;40.14237;
12.5;155.0297;40.14237;
12.5;155.0297;40.14237;
12.52;154.1767;32.42535;
12.52;154.1767;32.42535;
12.52;154.1767;32.42535;
12.54;154.1675;23.08569;
12.54;154.1675;23.08569;
12.54;154.1675;23.08569;
12.56;153.7062;15.47615;
12.56;153.7062;15.47615;
12.56;153.7062;15.47615;
12.58;157.4197;-2.8926;
12.58;157.4197;-2.8926;
12.58;157.4197;-2.8926;
12.6;158.3758;-7.507623;
12.6;158.3758;-7.507623;
12.6;158.3758;-7.507623;
12.62;158.7265;-22.29272;
12.62;158.7265;-22.29272;
12.62;158.7265;-22.29272;
12.64;162.0709;-34.2621;
12.64;162.0709;-34.2621;
12.64;162.0709;-34.2621;
12.66;162.8396;-49.23069;
12.66;162.8396;-49.23069;
12.66;162.8396;-49.23069;
12.68;0;0;
12.68;0;0;
12.68;0;0;
12.7;0;0;
12.7;0;0;
12.7;0;0;
12.72;0;0;
12.72;0;0;
12.72;0;0;
12.74;0;0;
12.74;0;0;
12.74;0;0;
12.76;0;0;
12.76;0;0;
12.76;0;0;
12.78;0;0;
12.78;0;0;
12.78;0;0;
12.8;0;0;
12.8;0;0;
12.8;0;0;
12.82;0;0;
12.82;0;0;
12.82;0;0;
12.84;0;0;
12.84;0;0;
12.84;0;0;
12.86;0;0;
12.86;0;0;
12.86;0;0;
12.88;0;0;
12.88;0;0;
12.88;0;0;
12.9;0;0;
12.9;0;0;
12.9;0;0;
12.92;0;0;
12.92;0;0;
12.92;0;0;
12.94;0;0;
12.94;0;0;
12.94;0;0;
12.96;0;0;
12.96;0;0;
12.96;0;0;
12.98;0;0;
12.98;0;0;
12.98;0;0;
13;0;0;
13;0;0;
13;0;0;
13.02;0;0;
13.02;0;0;
13.02;0;0;
13.04;0;0;
13.04;0;0;
13.04;0;0;
13.06;0;0;
13.06;0;0;
13.06;0;0;
13.08;0;0;
13.08;0;0;
13.08;0;0;
13.1;0;0;
13.1;0;0;
13.1;0;0;
13.12;0;0;
13.12;0;0;
13.12;0;0;
13.14;0;0;
13.14;0;0;
13.14;0;0;
13.16;0;0;
13.16;0;0;
13.16;0;0;
13.18;0;0;
13.18;0;0;
13.18;0;0;
13.2;0;0;
13.2;0;0;
13.2;0;0;
13.22;0;0;
13.22;0;0;
13.22;0;0;
13.24;0;0;
13.24;0;0;
13.24;0;0;
13.26;0;0;
13.26;0;0;
13.26;0;0;
13.28;0;0;
13.28;0;0;
13.28;0;0;
13.3;0;0;
13.3;0;0;
13.3;0;0;
13.32;0;0;
13.32;0;0;
13.32;0;0;
13.34;0;0;
13.34;0;0;
13.34;0;0;
13.36;0;0;
13.36;0;0;
13.36;0;0;
13.38;0;0;
13.38;0;0;
13.38;0;0;
13.4;0;0;
13.4;0;0;
13.4;0;0;
13.42;0;0;
13.42;0;0;
13.42;0;0;
13.44;0;0;
13.44;0;0;
13.44;0;0;
13.46;0;0;
13.46;0;0;
13.46;0;0;
13.48;0;0;
13.48;0;0;
13.48;0;0;
13.5;0;0;
13.5;0;0;
13.5;0;0;
13.52;0;0;
13.52;0;0;
13.52;0;0;
13.54;0;0;
13.54;0;0;
13.54;0;0;
13.56;0;0;
13.56;0;0;
13.56;0;0;
13.58;0;0;
13.58;0;0;
13.58;0;0;
13.6;0;0;
13.6;0;0;
13.6;0;0;
13.62;0;0;
13.62;0;0;
13.62;0;0;
13.64;0;0;
13.64;0;0;
13.64;0;0;
13.66;0;0;
13.66;0;0;
13.66;0;0;
13.68;0;0;
13.68;0;0;
13.68;0;0;
13.7;0;0;
13.7;0;0;
13.7;0;0;
13.72;0;0;
13.72;0;0;
13.72;0;0;
13.74;0;0;
13.74;0;0;
13.74;0;0;
13.76;0;0;
13.76;0;0;
13.76;0;0;
13.78;0;0;
13.78;0;0;
13.78;0;0;
13.8;0;0;
13.8;0;0;
13.8;0;0;
13.82;0;0;
13.82;0;0;
13.82;0;0;
13.84;0;0;
13.84;0;0;
13.84;0;0;
13.86;0;0;
13.86;0;0;
13.86;0;0;
13.88;0;0;
13.88;0;0;
13.88;0;0;
13.9;0;0;
13.9;0;0;
13.9;0;0;
13.92;0;0;
13.92;0;0;
13.92;0;0;
13.94;0;0;
13.94;0;0;
13.94;0;0;
13.96;0;0;
13.96;0;0;
13.96;0;0;
13.98;0;0;
13.98;0;0;
13.98;0;0;
14;0;0;
14;0;0;
14;0;0;
14.02;0;0;
14.02;0;0;
14.02;0;0;
14.04;0;0;
14.04;0;0;
14.04;0;0;
14.06;0;0;
14.06;0;0;
14.06;0;0;
14.08;0;0;
14.08;0;0;
14.08;0;0;
14.1;0;0;
14.1;0;0;
14.1;0;0;
14.12;0;0;
14.12;0;0;
14.12;0;0;
14.14;0;0;
14.14;0;0;
14.14;0;0;
14.16;0;0;
14.16;0;0;
14.16;0;0;
14.18;0;0;
14.18;0;0;
14.18;0;0;
14.2;0;0;
14.2;0;0;
14.2;0;0;
14.22;0;0;
14.22;0;0;
14.22;0;0;
14.24;0;0;
14.24;0;0;
14.24;0;0;
